feature,importance_mean,importance_std
pos_UNK,0.3812206572769953,0.021391146948158735
pos_Center-Forward,0.0,0.0
pos_Forward,0.0,0.0
pos_Forward-Center,0.0,0.0
pos_Forward-Guard,0.0,0.0
pos_Guard-Forward,0.0,0.0
pos_Center,-0.00046948356807512414,0.0014084507042253726
pos_Guard,-0.003755868544600993,0.0018779342723004965
college_freq,-0.005633802816901434,0.00459998073762099
college_te,-0.007981220657277022,0.0036667838854021755
